chain,parameter,method,estimate,batch_means_se,n_regression_rows
1,omega_1,MC,0.1369077500448427,0.0024031607553722557,3500
1,omega_1,ZV naive OLS,0.13778949350478795,0.0005830058704827043,3500
1,omega_1,ZV split chain,0.13865116223022275,0.0009467154662561437,1750
1,omega_1,ZV thinned OLS,0.13749124088415995,0.000405427079333969,438
1,omega_1,ZV block OLS,0.13814946753885265,0.0005056696444637667,43
1,omega_2,MC,0.2576043181487436,0.003194881071742971,3500
1,omega_2,ZV naive OLS,0.2510098876918508,0.0009547062834770221,3500
1,omega_2,ZV split chain,0.25113626111478143,0.0009566221306309673,1750
1,omega_2,ZV thinned OLS,0.2513491801122825,0.0006350019562648502,438
1,omega_2,ZV block OLS,0.2500720540926339,0.0005682333097219572,43
1,omega_3,MC,0.5552615597998757,0.004034401687414183,3500
1,omega_3,ZV naive OLS,0.557336747077184,0.001001277961898705,3500
1,omega_3,ZV split chain,0.555751830830107,0.0017854392412320196,1750
1,omega_3,ZV thinned OLS,0.5576416831923932,0.0006735843435216207,438
1,omega_3,ZV block OLS,0.5571157598973955,0.0010325364151616667,43
2,omega_1,MC,0.14014859183569042,0.003085002176208296,3500
2,omega_1,ZV naive OLS,0.13990769985287177,0.00047893219645481433,3500
2,omega_1,ZV split chain,0.1408400012877892,0.0006903919374613617,1750
2,omega_1,ZV thinned OLS,0.13997897502427453,0.0008106898335696302,438
2,omega_1,ZV block OLS,0.13994179655049585,0.0005350841479338886,43
2,omega_2,MC,0.2459225905766609,0.002792692773550637,3500
2,omega_2,ZV naive OLS,0.24786847901431347,0.0009563905337985658,3500
2,omega_2,ZV split chain,0.24720490455328095,0.001171159818618412,1750
2,omega_2,ZV thinned OLS,0.24796232730856674,0.0009717440448381892,438
2,omega_2,ZV block OLS,0.24788637485057458,0.0009923766363675243,43
2,omega_3,MC,0.5556778098563662,0.0055087596386230835,3500
2,omega_3,ZV naive OLS,0.5553710849223622,0.0008951905078449996,3500
2,omega_3,ZV split chain,0.5547050275747282,0.0014005298883576708,1750
2,omega_3,ZV thinned OLS,0.5551501627177552,0.0012013862398872908,438
2,omega_3,ZV block OLS,0.5554209215337966,0.00029088066663287627,43
3,omega_1,MC,0.13924672029536392,0.0023732722551039957,3500
3,omega_1,ZV naive OLS,0.13962221482199624,0.0006786878068089737,3500
3,omega_1,ZV split chain,0.13889622303546398,0.0009697530049982775,1750
3,omega_1,ZV thinned OLS,0.1395554926898945,0.0005877980522808568,438
3,omega_1,ZV block OLS,0.13984953534752084,0.0007062596906110012,43
3,omega_2,MC,0.25005509610507337,0.0024177908761286995,3500
3,omega_2,ZV naive OLS,0.2493324638829902,0.0010103806701873687,3500
3,omega_2,ZV split chain,0.2503351955673952,0.0017436237369370465,1750
3,omega_2,ZV thinned OLS,0.24976694278619505,0.0013517771771561335,438
3,omega_2,ZV block OLS,0.2490663449318437,0.0012889843776066692,43
3,omega_3,MC,0.5552427044246986,0.004388886522402724,3500
3,omega_3,ZV naive OLS,0.5550309088574717,0.0009859246409677723,3500
3,omega_3,ZV split chain,0.5551045599593786,0.0014588659159685804,1750
3,omega_3,ZV thinned OLS,0.5548281346386141,0.0008217015441645452,438
3,omega_3,ZV block OLS,0.5548233845304091,0.0011185102257766975,43
4,omega_1,MC,0.13681566668750278,0.002109439190696087,3500
4,omega_1,ZV naive OLS,0.13852608766052207,0.0008076873327018101,3500
4,omega_1,ZV split chain,0.13783983652680132,0.0012213431859080788,1750
4,omega_1,ZV thinned OLS,0.13852103485503553,0.0007019953644165718,438
4,omega_1,ZV block OLS,0.13873872761642964,0.0005465133711220899,43
4,omega_2,MC,0.24871441102611155,0.003848250692904001,3500
4,omega_2,ZV naive OLS,0.25162756591850716,0.0014100140351392422,3500
4,omega_2,ZV split chain,0.2520604751266582,0.002469941894850573,1750
4,omega_2,ZV thinned OLS,0.25180748262693753,0.0013138194546844168,438
4,omega_2,ZV block OLS,0.2517101817699577,0.0005103095886616493,43
4,omega_3,MC,0.5602566522748773,0.0044357950214162015,3500
4,omega_3,ZV naive OLS,0.5555908142519812,0.0012203153854956888,3500
4,omega_3,ZV split chain,0.5568723197930122,0.0013040484911589546,1750
4,omega_3,ZV thinned OLS,0.5554470601950496,0.0011656460474647665,438
4,omega_3,ZV block OLS,0.5550880593523017,0.0007609770775769409,43
5,omega_1,MC,0.1406505547579046,0.0023346172012092097,3500
5,omega_1,ZV naive OLS,0.13996253974222161,0.0007639003162334085,3500
5,omega_1,ZV split chain,0.14046925808810254,0.0012831436646786897,1750
5,omega_1,ZV thinned OLS,0.13971210591798627,0.0007344439223061161,438
5,omega_1,ZV block OLS,0.13964358529460327,0.0004562154997224834,43
5,omega_2,MC,0.2537503512774311,0.002767465151456265,3500
5,omega_2,ZV naive OLS,0.25015410550794903,0.001131796386813144,3500
5,omega_2,ZV split chain,0.25092619060607974,0.0016167115408485043,1750
5,omega_2,ZV thinned OLS,0.2491173589720456,0.0010711426859021157,438
5,omega_2,ZV block OLS,0.24967222388399377,0.0006017075006868099,43
5,omega_3,MC,0.5510876436582411,0.0043282731381680175,3500
5,omega_3,ZV naive OLS,0.5538024128875992,0.001388808556494106,3500
5,omega_3,ZV split chain,0.5522399254735161,0.002330259091883432,1750
5,omega_3,ZV thinned OLS,0.5548690963940721,0.0011817777510955134,438
5,omega_3,ZV block OLS,0.5544794784952628,0.0010277909488428238,43
6,omega_1,MC,0.13750776835584075,0.002417066692309148,3500
6,omega_1,ZV naive OLS,0.14031433873023394,0.0008613509023144742,3500
6,omega_1,ZV split chain,0.1407858279614989,0.0018523318276043796,1750
6,omega_1,ZV thinned OLS,0.14063165310123907,0.000476132304077095,438
6,omega_1,ZV block OLS,0.1407501193561312,0.0006972812099766928,43
6,omega_2,MC,0.2563464262821627,0.0033016026169282345,3500
6,omega_2,ZV naive OLS,0.2509298244415942,0.0009349616126002046,3500
6,omega_2,ZV split chain,0.252024714918824,0.0019038759568874256,1750
6,omega_2,ZV thinned OLS,0.2509055323463995,0.0012504048007074395,438
6,omega_2,ZV block OLS,0.25003628483668705,0.001612414848241614,43
6,omega_3,MC,0.5538151487971306,0.00510474520594666,3500
6,omega_3,ZV naive OLS,0.5528448619052282,0.0014515155322637576,3500
6,omega_3,ZV split chain,0.5518946023307535,0.0030122715187176283,1750
6,omega_3,ZV thinned OLS,0.5519889349670611,0.0009824540352161653,438
6,omega_3,ZV block OLS,0.5524409559128208,0.0009255634362569231,43
7,omega_1,MC,0.14380791547497868,0.0034225748111422886,3500
7,omega_1,ZV naive OLS,0.14078631591366317,0.000938218610719761,3500
7,omega_1,ZV split chain,0.1424194700595664,0.0021661518584756272,1750
7,omega_1,ZV thinned OLS,0.1404028750846658,0.0012211990343230018,438
7,omega_1,ZV block OLS,0.1405599519107896,0.0009902184511852274,43
7,omega_2,MC,0.2525458425283834,0.003027457187234671,3500
7,omega_2,ZV naive OLS,0.2495192256967114,0.0011421145455773117,3500
7,omega_2,ZV split chain,0.250428597038363,0.0019227347993279154,1750
7,omega_2,ZV thinned OLS,0.24953542724847488,0.0009381534831550316,438
7,omega_2,ZV block OLS,0.24928529134510213,0.0007648116469113572,43
7,omega_3,MC,0.5458065377903315,0.005584775866418244,3500
7,omega_3,ZV naive OLS,0.5531057049762602,0.0016261639342242428,3500
7,omega_3,ZV split chain,0.5498850310734633,0.003500473652191105,1750
7,omega_3,ZV thinned OLS,0.5536959176284721,0.002178812032893954,438
7,omega_3,ZV block OLS,0.5536938435158238,0.0018382726077811912,43
8,omega_1,MC,0.14300862762670877,0.002678665986518946,3500
8,omega_1,ZV naive OLS,0.14063041371911164,0.0005480914653428105,3500
8,omega_1,ZV split chain,0.13991861796306862,0.0008476904598256846,1750
8,omega_1,ZV thinned OLS,0.14066171664356478,0.000744580644231855,438
8,omega_1,ZV block OLS,0.14055801493484105,0.0003996915600295079,43
8,omega_2,MC,0.2483149244474074,0.003061478469159199,3500
8,omega_2,ZV naive OLS,0.2484947241033104,0.0010276418059098392,3500
8,omega_2,ZV split chain,0.2503107923364622,0.0017266487512847058,1750
8,omega_2,ZV thinned OLS,0.24846935834422756,0.001007351188979274,438
8,omega_2,ZV block OLS,0.24870102055161655,0.00045322816363829363,43
8,omega_3,MC,0.552292391778574,0.004897925824848495,3500
8,omega_3,ZV naive OLS,0.5536273199382222,0.0008139648044008987,3500
8,omega_3,ZV split chain,0.5537544686601384,0.0010209418876607342,1750
8,omega_3,ZV thinned OLS,0.5536263032926511,0.0008803543074253114,438
8,omega_3,ZV block OLS,0.553644240908221,0.0006231290146738488,43
9,omega_1,MC,0.14371939432668893,0.0022708969498132204,3500
9,omega_1,ZV naive OLS,0.13947919924789848,0.00047381432599701966,3500
9,omega_1,ZV split chain,0.14015692458182108,0.0008061221317399058,1750
9,omega_1,ZV thinned OLS,0.13953744056196604,0.0005917545073443377,438
9,omega_1,ZV block OLS,0.1394062574677539,0.0003811065715276979,43
9,omega_2,MC,0.24721539077781038,0.0024643673513070536,3500
9,omega_2,ZV naive OLS,0.24769062829670216,0.0007637204582791753,3500
9,omega_2,ZV split chain,0.24828910716417707,0.0013130378294079175,1750
9,omega_2,ZV thinned OLS,0.2473210064804941,0.0006702450780829744,438
9,omega_2,ZV block OLS,0.24792790386063568,0.0003307846169660755,43
9,omega_3,MC,0.5487854251948764,0.003534000915687833,3500
9,omega_3,ZV naive OLS,0.5556154020454619,0.0009783137686742546,3500
9,omega_3,ZV split chain,0.5539975243019954,0.0015345206192622204,1750
9,omega_3,ZV thinned OLS,0.5557426447239397,0.0012406256362003318,438
9,omega_3,ZV block OLS,0.5556735838664324,0.0007452112006418506,43
10,omega_1,MC,0.13874120722499048,0.0019222499021855166,3500
10,omega_1,ZV naive OLS,0.13864509315531626,0.00037548581269808217,3500
10,omega_1,ZV split chain,0.13816978353728257,0.000508195577043259,1750
10,omega_1,ZV thinned OLS,0.1391430869719729,0.00029653975072028565,438
10,omega_1,ZV block OLS,0.13879292674758076,0.000453434745483955,43
10,omega_2,MC,0.24748241603041327,0.002627754695397299,3500
10,omega_2,ZV naive OLS,0.247412968281062,0.000680141389889818,3500
10,omega_2,ZV split chain,0.24849266002474835,0.0011210500370753519,1750
10,omega_2,ZV thinned OLS,0.24762523668147274,0.000866124627610842,438
10,omega_2,ZV block OLS,0.24715829190828106,0.0006617722122579992,43
10,omega_3,MC,0.5583692559771619,0.0031794216800932027,3500
10,omega_3,ZV naive OLS,0.557472976441271,0.000727050072625512,3500
10,omega_3,ZV split chain,0.5579302321745861,0.0009512493618424816,1750
10,omega_3,ZV thinned OLS,0.5562432572419697,0.0006020045386747519,438
10,omega_3,ZV block OLS,0.5573142769820851,0.0008099427754306397,43
