dataset,acceptance_rate,rep,parameter,method,estimate,batch_se,selected_controls,condition_number
simulated,0.31375,1,omega_1,MC,0.1158453328920909,0.0067191120769345,0,
simulated,0.31375,1,omega_1,ZV-OLS-1,0.1087343120470576,0.0011034505868804,3,9.044538144564497
simulated,0.31375,1,omega_1,ZV-OLS-2,0.108034263547115,0.000602379244937,9,119.081382238861
simulated,0.31375,1,omega_1,ZV-OLS-5,0.1080485745195519,4.406187777052737e-06,55,794336.9686351902
simulated,0.31375,1,omega_1,ZV-Lasso-5,0.1082717876529372,4.352764805311729e-05,26,28409.52908078469
simulated,0.31375,1,omega_2,MC,0.1550224584651378,0.0031775592122379,0,
simulated,0.31375,1,omega_2,ZV-OLS-1,0.1580433300342091,0.0009126523236815,3,9.044538144564497
simulated,0.31375,1,omega_2,ZV-OLS-2,0.1591393408397859,0.0002521388474136,9,119.081382238861
simulated,0.31375,1,omega_2,ZV-OLS-5,0.1594976142715962,1.1636909672424904e-06,55,794336.9686351902
simulated,0.31375,1,omega_2,ZV-Lasso-5,0.1594320192939066,4.747397750913168e-05,17,6173.189275111312
simulated,0.31375,1,omega_3,MC,0.7293376271340641,0.0082141142264527,0,
simulated,0.31375,1,omega_3,ZV-OLS-1,0.7346730089494885,0.0008916217337111,3,9.044538144564497
simulated,0.31375,1,omega_3,ZV-OLS-2,0.7351193497949815,0.0005827946073455,9,119.081382238861
simulated,0.31375,1,omega_3,ZV-OLS-5,0.7349216483416716,4.225009368559745e-06,55,794336.9686351902
simulated,0.31375,1,omega_3,ZV-Lasso-5,0.7351915831395356,0.0001268414887234,20,8319.550468673164
simulated,0.33175,2,omega_1,MC,0.0982915751367702,0.0052502206463823,0,
simulated,0.33175,2,omega_1,ZV-OLS-1,0.1066372438305143,0.0013274905956634,3,9.39376384266485
simulated,0.33175,2,omega_1,ZV-OLS-2,0.1080367561976134,0.0003779770646943,9,160.87384123733122
simulated,0.33175,2,omega_1,ZV-OLS-5,0.1080671145759788,1.3484845243208134e-06,55,1066263.614479201
simulated,0.33175,2,omega_1,ZV-Lasso-5,0.1077110127792353,7.611147485667651e-05,25,249253.3984836402
simulated,0.33175,2,omega_2,MC,0.1571881268836097,0.005195777640971,0,
simulated,0.33175,2,omega_2,ZV-OLS-1,0.1607937773763284,0.0012395243067273,3,9.39376384266485
simulated,0.33175,2,omega_2,ZV-OLS-2,0.1595270127450723,0.0002783764080752,9,160.87384123733122
simulated,0.33175,2,omega_2,ZV-OLS-5,0.1594921487888639,1.9765346229118666e-06,55,1066263.614479201
simulated,0.33175,2,omega_2,ZV-Lasso-5,0.1593997737139471,6.327636087566698e-05,20,14896.658283424416
simulated,0.33175,2,omega_3,MC,0.7476428520480911,0.0075172502410068,0,
simulated,0.33175,2,omega_3,ZV-OLS-1,0.7357324187124078,0.0010854353271311,3,9.39376384266485
simulated,0.33175,2,omega_3,ZV-OLS-2,0.7348562197271202,0.0003381096910415,9,160.87384123733122
simulated,0.33175,2,omega_3,ZV-OLS-5,0.7349065543063387,1.9218931666799944e-06,55,1066263.614479201
simulated,0.33175,2,omega_3,ZV-Lasso-5,0.7354548686775434,0.000135866934677,20,221854.5012680418
simulated,0.31625,3,omega_1,MC,0.1180368064319836,0.007563687781972,0,
simulated,0.31625,3,omega_1,ZV-OLS-1,0.1095231358254885,0.0013420294415666,3,7.903256244523992
simulated,0.31625,3,omega_1,ZV-OLS-2,0.1078394490707718,0.0006547527946267,9,93.22656983283044
simulated,0.31625,3,omega_1,ZV-OLS-5,0.1080562480533029,7.258783540678433e-06,55,878663.2734391066
simulated,0.31625,3,omega_1,ZV-Lasso-5,0.107826072211177,0.0001441891156961,25,16503.23280917631
simulated,0.31625,3,omega_2,MC,0.1588981493608371,0.0052326528278153,0,
simulated,0.31625,3,omega_2,ZV-OLS-1,0.1582726891122038,0.0010340753863988,3,7.903256244523992
simulated,0.31625,3,omega_2,ZV-OLS-2,0.1596291219307645,0.0002100887593147,9,93.22656983283044
simulated,0.31625,3,omega_2,ZV-OLS-5,0.1594973259922583,1.797647024151695e-06,55,878663.2734391066
simulated,0.31625,3,omega_2,ZV-Lasso-5,0.1594614823762221,2.895550544386491e-05,22,11912.1923754738
simulated,0.31625,3,omega_3,MC,0.7238265434229001,0.0095341569080681,0,
simulated,0.31625,3,omega_3,ZV-OLS-1,0.7342792053124433,0.0010378846572659,3,7.903256244523992
simulated,0.31625,3,omega_3,ZV-OLS-2,0.7350255612080521,0.0006250130722726,9,93.22656983283044
simulated,0.31625,3,omega_3,ZV-OLS-5,0.7349106663009142,7.887144038870679e-06,55,878663.2734391066
simulated,0.31625,3,omega_3,ZV-Lasso-5,0.7349956191787599,0.000252871339503,18,3135.6138561819685
simulated,0.3205,4,omega_1,MC,0.1106058027256065,0.0053573876339432,0,
simulated,0.3205,4,omega_1,ZV-OLS-1,0.1078833321950753,0.0009584287248599,3,9.462366702468069
simulated,0.3205,4,omega_1,ZV-OLS-2,0.1088131691334393,0.00022469712253,9,149.4212265668913
simulated,0.3205,4,omega_1,ZV-OLS-5,0.1080241654970508,2.259319517515085e-06,55,807530.9039173248
simulated,0.3205,4,omega_1,ZV-Lasso-5,0.1075597117544066,3.906053678742581e-05,27,105169.82163651162
simulated,0.3205,4,omega_2,MC,0.1620824542204219,0.003074403249323,0,
simulated,0.3205,4,omega_2,ZV-OLS-1,0.1594021985341478,0.0008436726961044,3,9.462366702468069
simulated,0.3205,4,omega_2,ZV-OLS-2,0.1588055715534167,0.000147887966351,9,149.4212265668913
simulated,0.3205,4,omega_2,ZV-OLS-5,0.1594997921309367,5.774593839916123e-07,55,807530.9039173248
simulated,0.3205,4,omega_2,ZV-Lasso-5,0.1599224854501255,6.724179169152062e-05,19,9141.513540936496
simulated,0.3205,4,omega_3,MC,0.7298278249205937,0.0064865562255895,0,
simulated,0.3205,4,omega_3,ZV-OLS-1,0.7346637116759532,0.0006870944774006,3,9.462366702468069
simulated,0.3205,4,omega_3,ZV-OLS-2,0.7344383008260138,0.0001983379903616,9,149.4212265668913
simulated,0.3205,4,omega_3,ZV-OLS-5,0.7349469537192826,2.5978827781874447e-06,55,807530.9039173248
simulated,0.3205,4,omega_3,ZV-Lasso-5,0.7345821858901814,7.826493550758357e-05,18,5329.072194986746
simulated,0.32775,5,omega_1,MC,0.1041581756819299,0.0046331882258309,0,
simulated,0.32775,5,omega_1,ZV-OLS-1,0.1056646994258635,0.0010816164075795,3,10.539368086478088
simulated,0.32775,5,omega_1,ZV-OLS-2,0.1077612228996865,0.0002545279711092,9,199.84571766723357
simulated,0.32775,5,omega_1,ZV-OLS-5,0.1080415665297312,9.60879435473813e-07,55,994321.0423920228
simulated,0.32775,5,omega_1,ZV-Lasso-5,0.1076856677746016,2.701636657260005e-05,26,272119.0211305195
simulated,0.32775,5,omega_2,MC,0.1635369011841387,0.0040229394537633,0,
simulated,0.32775,5,omega_2,ZV-OLS-1,0.1608126517980426,0.0013148057043212,3,10.539368086478088
simulated,0.32775,5,omega_2,ZV-OLS-2,0.1592900722407135,0.0002236672617396,9,199.84571766723357
simulated,0.32775,5,omega_2,ZV-OLS-5,0.1595043270509316,9.613493888971758e-07,55,994321.0423920228
simulated,0.32775,5,omega_2,ZV-Lasso-5,0.1595645624034173,3.342708285838276e-05,17,6279.324236321082
simulated,0.32775,5,omega_3,MC,0.737282303041375,0.0045021706932923,0,
simulated,0.32775,5,omega_3,ZV-OLS-1,0.7365219550809817,0.0007299412164175,3,10.539368086478088
simulated,0.32775,5,omega_3,ZV-OLS-2,0.7352214420756499,0.0002058971965078,9,199.84571766723357
simulated,0.32775,5,omega_3,ZV-OLS-5,0.7349225532362459,8.844472245586786e-07,55,994321.0423920228
simulated,0.32775,5,omega_3,ZV-Lasso-5,0.7351793659509038,0.0001233175891048,18,93363.89840009928
simulated,0.318,6,omega_1,MC,0.1214974342431213,0.0063588062652538,0,
simulated,0.318,6,omega_1,ZV-OLS-1,0.1090490080578205,0.0008577505348501,3,9.397330367491906
simulated,0.318,6,omega_1,ZV-OLS-2,0.1091286444966984,0.0002661625668825,9,125.6364839278148
simulated,0.318,6,omega_1,ZV-OLS-5,0.107922572291018,3.230754028138756e-06,55,857238.2066043686
simulated,0.318,6,omega_1,ZV-Lasso-5,0.108439370312673,4.033675361753671e-05,25,38139.85891252963
simulated,0.318,6,omega_2,MC,0.160289932932412,0.0031022864415424,0,
simulated,0.318,6,omega_2,ZV-OLS-1,0.157315168519962,0.0009430197907026,3,9.397330367491906
simulated,0.318,6,omega_2,ZV-OLS-2,0.1588423944328728,0.0001770317976872,9,125.6364839278148
simulated,0.318,6,omega_2,ZV-OLS-5,0.1595212383613955,7.278897361302762e-07,55,857238.2066043686
simulated,0.318,6,omega_2,ZV-Lasso-5,0.1593360328316749,5.8238433271972506e-05,16,4121.168198313624
simulated,0.318,6,omega_3,MC,0.7189455523340554,0.0070210975504488,0,
simulated,0.318,6,omega_3,ZV-OLS-1,0.734428746108018,0.0005523456874821,3,9.397330367491906
simulated,0.318,6,omega_3,ZV-OLS-2,0.7340482518889063,0.0002131341830226,9,125.6364839278148
simulated,0.318,6,omega_3,ZV-OLS-5,0.7350354434903031,3.5587493514102755e-06,55,857238.2066043686
simulated,0.318,6,omega_3,ZV-Lasso-5,0.7347638051748813,5.530972446169676e-05,23,20784.348441436767
simulated,0.313,7,omega_1,MC,0.1120501443581295,0.0077186928949489,0,
simulated,0.313,7,omega_1,ZV-OLS-1,0.1091417062500768,0.0011804136126925,3,8.596193824282041
simulated,0.313,7,omega_1,ZV-OLS-2,0.1091357570730831,0.0004258846937707,9,117.862416702665
simulated,0.313,7,omega_1,ZV-OLS-5,0.1079882511982284,5.007288003415493e-06,55,1249883.411672729
simulated,0.313,7,omega_1,ZV-Lasso-5,0.1078657003133093,6.981371341888722e-05,26,66262.57211266577
simulated,0.313,7,omega_2,MC,0.1538107605081177,0.0031667422522151,0,
simulated,0.313,7,omega_2,ZV-OLS-1,0.1578131693232606,0.0007067190590075,3,8.596193824282041
simulated,0.313,7,omega_2,ZV-OLS-2,0.1587422013869597,0.0001269573852113,9,117.862416702665
simulated,0.313,7,omega_2,ZV-OLS-5,0.1595175520310077,7.772639558313283e-07,55,1249883.411672729
simulated,0.313,7,omega_2,ZV-Lasso-5,0.1594149373741506,6.0800033248384095e-05,16,7434.059211247412
simulated,0.313,7,omega_3,MC,0.732188311230283,0.0098789728228653,0,
simulated,0.313,7,omega_3,ZV-OLS-1,0.734265513622549,0.0011194027182783,3,8.596193824282041
simulated,0.313,7,omega_3,ZV-OLS-2,0.7340939138645565,0.0004111375724123,9,117.862416702665
simulated,0.313,7,omega_3,ZV-OLS-5,0.7349699373994077,4.929247274058136e-06,55,1249883.411672729
simulated,0.313,7,omega_3,ZV-Lasso-5,0.7346563571736746,0.0001159733110729,20,17594.416324780883
simulated,0.327,8,omega_1,MC,0.1116687667282925,0.0051177183679669,0,
simulated,0.327,8,omega_1,ZV-OLS-1,0.1084435037938942,0.0012500108935081,3,9.756632460057498
simulated,0.327,8,omega_1,ZV-OLS-2,0.1091564943395775,0.0001857486153613,9,153.0660134807241
simulated,0.327,8,omega_1,ZV-OLS-5,0.1079659713047515,2.345085434426074e-06,55,723530.0712465135
simulated,0.327,8,omega_1,ZV-Lasso-5,0.1084243502269797,1.777776586026519e-05,26,49250.00456118112
simulated,0.327,8,omega_2,MC,0.1593897738450926,0.0043347950228896,0,
simulated,0.327,8,omega_2,ZV-OLS-1,0.1587087225166806,0.0009569982856657,3,9.756632460057498
simulated,0.327,8,omega_2,ZV-OLS-2,0.1587263119735112,0.000159999263835,9,153.0660134807241
simulated,0.327,8,omega_2,ZV-OLS-5,0.1594897078624973,5.437336459073699e-07,55,723530.0712465135
simulated,0.327,8,omega_2,ZV-Lasso-5,0.15934745003911,5.146494752789788e-05,19,8034.486672805809
simulated,0.327,8,omega_3,MC,0.730009592027453,0.005981384291033,0,
simulated,0.327,8,omega_3,ZV-OLS-1,0.7347039025233287,0.0010183845430381,3,9.756632460057498
simulated,0.327,8,omega_3,ZV-OLS-2,0.7341058543008957,0.0001509739289487,9,153.0660134807241
simulated,0.327,8,omega_3,ZV-OLS-5,0.7350019781148629,2.3310764969010392e-06,55,723530.0712465135
simulated,0.327,8,omega_3,ZV-Lasso-5,0.734394178596148,0.0001851360171557,17,8848.930783092945
simulated,0.32325,9,omega_1,MC,0.1110255302357159,0.0073092984429828,0,
simulated,0.32325,9,omega_1,ZV-OLS-1,0.109337532449998,0.0011208470255837,3,7.785867041029528
simulated,0.32325,9,omega_1,ZV-OLS-2,0.1085415050193487,0.0002522608986715,9,123.29207636279727
simulated,0.32325,9,omega_1,ZV-OLS-5,0.1080019115970061,2.695047059055688e-06,55,758140.9233131516
simulated,0.32325,9,omega_1,ZV-Lasso-5,0.1075472957926312,5.2578530885261794e-05,22,162729.12658960224
simulated,0.32325,9,omega_2,MC,0.1558257599686377,0.002733257289918,0,
simulated,0.32325,9,omega_2,ZV-OLS-1,0.1576535924894213,0.0009138205640971,3,7.785867041029528
simulated,0.32325,9,omega_2,ZV-OLS-2,0.1590532683797746,0.0001265343299707,9,123.29207636279727
simulated,0.32325,9,omega_2,ZV-OLS-5,0.1594978821531292,6.551894721846959e-07,55,758140.9233131516
simulated,0.32325,9,omega_2,ZV-Lasso-5,0.1594695737173341,5.137297158071623e-05,16,6396.977088149367
simulated,0.32325,9,omega_3,MC,0.7330378883902902,0.0089008888202996,0,
simulated,0.32325,9,omega_3,ZV-OLS-1,0.7344434217022778,0.0009570151849606,3,7.785867041029528
simulated,0.32325,9,omega_3,ZV-OLS-2,0.7346020843601397,0.0002478442076802,9,123.29207636279727
simulated,0.32325,9,omega_3,ZV-OLS-5,0.7349632329322936,2.94012069408525e-06,55,758140.9233131516
simulated,0.32325,9,omega_3,ZV-Lasso-5,0.7354115011893623,6.57253451303487e-05,17,9879.685829742208
simulated,0.315,10,omega_1,MC,0.1140905504152065,0.0058249275321894,0,
simulated,0.315,10,omega_1,ZV-OLS-1,0.1075966672083194,0.0012160100159498,3,9.664358654031542
simulated,0.315,10,omega_1,ZV-OLS-2,0.107775960699169,0.0005224241997132,9,137.72148318043588
simulated,0.315,10,omega_1,ZV-OLS-5,0.1080694721437575,2.864289131390117e-06,55,961025.0376575788
simulated,0.315,10,omega_1,ZV-Lasso-5,0.1075496031485606,3.769739233605904e-05,23,11557.379685877158
simulated,0.315,10,omega_2,MC,0.1647696274669942,0.0039914789712255,0,
simulated,0.315,10,omega_2,ZV-OLS-1,0.1587526806419089,0.001222676529593,3,9.664358654031542
simulated,0.315,10,omega_2,ZV-OLS-2,0.1596075467871039,0.0003561533233522,9,137.72148318043588
simulated,0.315,10,omega_2,ZV-OLS-5,0.1595068659196747,1.791466941562629e-06,55,961025.0376575788
simulated,0.315,10,omega_2,ZV-Lasso-5,0.1595838374083308,6.997182789526746e-05,15,4690.126932128886
simulated,0.315,10,omega_3,MC,0.7236968294387838,0.0056566666003154,0,
simulated,0.315,10,omega_3,ZV-OLS-1,0.7354417080593054,0.0009112587370124,3,9.664358654031542
simulated,0.315,10,omega_3,ZV-OLS-2,0.7352137092723342,0.0004374946746026,9,137.72148318043588
simulated,0.315,10,omega_3,ZV-OLS-5,0.7348965933944854,3.345073726335861e-06,55,961025.0376575788
simulated,0.315,10,omega_3,ZV-Lasso-5,0.7353604978468493,4.389888835796003e-05,22,20228.542062386965
eurusd,0.32075,1,omega_1,MC,0.0853286537140937,0.0071988228878862,0,
eurusd,0.32075,1,omega_1,ZV-OLS-1,0.083246431006339,0.0062554768027242,3,10.013762963744432
eurusd,0.32075,1,omega_1,ZV-OLS-2,0.0780176649275821,0.0025075993420551,9,152.17349197621922
eurusd,0.32075,1,omega_1,ZV-OLS-5,0.0621234654867561,9.819301941337546e-05,55,45309283.87274803
eurusd,0.32075,1,omega_1,ZV-Lasso-5,0.0653820663099984,0.0001048289735371,39,44220.97421578351
eurusd,0.32075,1,omega_2,MC,0.0813298816906968,0.0055623676764404,0,
eurusd,0.32075,1,omega_2,ZV-OLS-1,0.0916344461627844,0.0022218349666533,3,10.013762963744432
eurusd,0.32075,1,omega_2,ZV-OLS-2,0.0886446510970694,0.0006613708960798,9,152.17349197621922
eurusd,0.32075,1,omega_2,ZV-OLS-5,0.0946162608757098,4.951710515733837e-05,55,45309283.87274803
eurusd,0.32075,1,omega_2,ZV-Lasso-5,0.0887975720280931,0.0002282520724688,28,72754.92461285563
eurusd,0.32075,1,omega_3,MC,0.4706885515769264,0.037629052726587,0,
eurusd,0.32075,1,omega_3,ZV-OLS-1,0.4728164165207256,0.0339353436012288,3,10.013762963744432
eurusd,0.32075,1,omega_3,ZV-OLS-2,0.5039288025866662,0.0127513750972513,9,152.17349197621922
eurusd,0.32075,1,omega_3,ZV-OLS-5,0.5816942189442389,0.0004696496864994,55,45309283.87274803
eurusd,0.32075,1,omega_3,ZV-Lasso-5,0.5823781503144906,0.0005137663940992,42,281928.9921859082
eurusd,0.3215,2,omega_1,MC,0.0806714857735634,0.0052910205917106,0,
eurusd,0.3215,2,omega_1,ZV-OLS-1,0.0788616207842561,0.0047096552652651,3,10.920145981590831
eurusd,0.3215,2,omega_1,ZV-OLS-2,0.070701849080036,0.0018783395743392,9,164.96727749429428
eurusd,0.3215,2,omega_1,ZV-OLS-5,0.0624922141129975,4.4132178868323605e-05,55,32763170.41562308
eurusd,0.3215,2,omega_1,ZV-Lasso-5,0.0697093170467536,6.941494207013541e-05,38,72066.69336508917
eurusd,0.3215,2,omega_2,MC,0.0829171634360637,0.0051464298163404,0,
eurusd,0.3215,2,omega_2,ZV-OLS-1,0.0931397870368875,0.0021761349869562,3,10.920145981590831
eurusd,0.3215,2,omega_2,ZV-OLS-2,0.0892458429434423,0.0006470651835759,9,164.96727749429428
eurusd,0.3215,2,omega_2,ZV-OLS-5,0.0949722013966538,1.8581774609106516e-05,55,32763170.41562308
eurusd,0.3215,2,omega_2,ZV-Lasso-5,0.0922969083201242,0.0001337572656862,23,28615.586961106423
eurusd,0.3215,2,omega_3,MC,0.493094894485301,0.0272415509024039,0,
eurusd,0.3215,2,omega_3,ZV-OLS-1,0.4936204307000755,0.0254984259539597,3,10.920145981590831
eurusd,0.3215,2,omega_3,ZV-OLS-2,0.541675362060819,0.0094036860287733,9,164.96727749429428
eurusd,0.3215,2,omega_3,ZV-OLS-5,0.5791706107571246,0.0002156107487747,55,32763170.41562308
eurusd,0.3215,2,omega_3,ZV-Lasso-5,0.5541837343791078,0.0003152912606777,43,857884.042713034
eurusd,0.3155,3,omega_1,MC,0.0850525693511729,0.0104835058272161,0,
eurusd,0.3155,3,omega_1,ZV-OLS-1,0.0854129336576684,0.0099346260687435,3,8.088571287942756
eurusd,0.3155,3,omega_1,ZV-OLS-2,0.082652217867911,0.0040707496536409,9,149.98827648712265
eurusd,0.3155,3,omega_1,ZV-OLS-5,0.0677493384101881,0.0002058269469431,55,18965623.147307053
eurusd,0.3155,3,omega_1,ZV-Lasso-5,0.0735306903553938,0.0003940997202292,32,57550.7715210142
eurusd,0.3155,3,omega_2,MC,0.0916531848476721,0.0065674106122825,0,
eurusd,0.3155,3,omega_2,ZV-OLS-1,0.0899617298390063,0.0029976465435186,3,8.088571287942756
eurusd,0.3155,3,omega_2,ZV-OLS-2,0.0883389874833726,0.0011210690060516,9,149.98827648712265
eurusd,0.3155,3,omega_2,ZV-OLS-5,0.0919486933456787,8.586303844949944e-05,55,18965623.147307053
eurusd,0.3155,3,omega_2,ZV-Lasso-5,0.0889852076363816,0.0002149870109357,29,55793.18825483897
eurusd,0.3155,3,omega_3,MC,0.4651356220464223,0.0567617782943425,0,
eurusd,0.3155,3,omega_3,ZV-OLS-1,0.4652063738248574,0.0537079676455821,3,8.088571287942756
eurusd,0.3155,3,omega_3,ZV-OLS-2,0.4805519766534449,0.0204060247130055,9,149.98827648712265
eurusd,0.3155,3,omega_3,ZV-OLS-5,0.5542541670788188,0.0010195448533479,55,18965623.147307053
eurusd,0.3155,3,omega_3,ZV-Lasso-5,0.5407504685274188,0.0019976580011562,32,10190.299528956984
eurusd,0.326,4,omega_1,MC,0.1254832717195187,0.0068720133955184,0,
eurusd,0.326,4,omega_1,ZV-OLS-1,0.1239560054376087,0.0065063899265584,3,10.407655471987924
eurusd,0.326,4,omega_1,ZV-OLS-2,0.0836509162772357,0.0033333904971844,9,240.0301058938225
eurusd,0.326,4,omega_1,ZV-OLS-5,0.1369611844260254,7.861218584888763e-05,55,26768669.21201898
eurusd,0.326,4,omega_1,ZV-Lasso-5,0.1209602638542554,0.0001536557516151,33,44036.76712724386
eurusd,0.326,4,omega_2,MC,0.0835486191462314,0.0081404051107107,0,
eurusd,0.326,4,omega_2,ZV-OLS-1,0.0953573455378948,0.0015265519835075,3,10.407655471987924
eurusd,0.326,4,omega_2,ZV-OLS-2,0.0982054796663052,0.0011001904230639,9,240.0301058938225
eurusd,0.326,4,omega_2,ZV-OLS-5,0.0762947475267063,2.0610106158168208e-05,55,26768669.21201898
eurusd,0.326,4,omega_2,ZV-Lasso-5,0.1034285081344343,0.0002215762562603,23,6781.016207598376
eurusd,0.326,4,omega_3,MC,0.2633054229816012,0.0360587842722019,0,
eurusd,0.326,4,omega_3,ZV-OLS-1,0.2577877908499885,0.0334216272545662,3,10.407655471987924
eurusd,0.326,4,omega_3,ZV-OLS-2,0.4685906272608582,0.0163917018943007,9,240.0301058938225
eurusd,0.326,4,omega_3,ZV-OLS-5,0.2094399702656054,0.000387090644917,55,26768669.21201898
eurusd,0.326,4,omega_3,ZV-Lasso-5,0.2351409367133318,0.0004143702152224,41,179373.78368523452
eurusd,0.31875,5,omega_1,MC,0.0618511711454511,0.0036910405508275,0,
eurusd,0.31875,5,omega_1,ZV-OLS-1,0.0626976550768928,0.0026070976107148,3,12.216425059842807
eurusd,0.31875,5,omega_1,ZV-OLS-2,0.0658821167307899,0.0010382693625871,9,182.2498529998878
eurusd,0.31875,5,omega_1,ZV-OLS-5,0.0851588060325802,2.655879362043125e-05,55,74698156.40879081
eurusd,0.31875,5,omega_1,ZV-Lasso-5,0.082153993960714,2.6610570004051332e-05,41,606848.359385594
eurusd,0.31875,5,omega_2,MC,0.0885642296754458,0.0045736467999313,0,
eurusd,0.31875,5,omega_2,ZV-OLS-1,0.0884685919955728,0.001991628872511,3,12.216425059842807
eurusd,0.31875,5,omega_2,ZV-OLS-2,0.0894650076908135,0.0004082699097619,9,182.2498529998878
eurusd,0.31875,5,omega_2,ZV-OLS-5,0.0827410539288534,1.2701838034303631e-05,55,74698156.40879081
eurusd,0.31875,5,omega_2,ZV-Lasso-5,0.0888101591171639,8.207416676719908e-05,25,32657.609226451063
eurusd,0.31875,5,omega_3,MC,0.5881967995633588,0.0197538387035141,0,
eurusd,0.31875,5,omega_3,ZV-OLS-1,0.5834313789738526,0.0151527096701355,3,12.216425059842807
eurusd,0.31875,5,omega_3,ZV-OLS-2,0.5662289265449526,0.0053345231512584,9,182.2498529998878
eurusd,0.31875,5,omega_3,ZV-OLS-5,0.4727016293555887,0.0001280540110392,55,74698156.40879081
eurusd,0.31875,5,omega_3,ZV-Lasso-5,0.473251853004015,0.0001528952279037,41,421227.2479516288
eurusd,0.31125,6,omega_1,MC,0.0994577439414698,0.0124920283923776,0,
eurusd,0.31125,6,omega_1,ZV-OLS-1,0.0899893340949551,0.0110457529146347,3,11.48233812880992
eurusd,0.31125,6,omega_1,ZV-OLS-2,0.0839746768644898,0.0035968441864827,9,181.1381609971949
eurusd,0.31125,6,omega_1,ZV-OLS-5,0.0740295253612748,0.0004554236325774,55,8983027.729793686
eurusd,0.31125,6,omega_1,ZV-Lasso-5,0.0800136017658805,0.0007781754724296,35,302624.0050548573
eurusd,0.31125,6,omega_2,MC,0.0573931167952049,0.0057397954115147,0,
eurusd,0.31125,6,omega_2,ZV-OLS-1,0.077810011342177,0.0037311591649174,3,11.48233812880992
eurusd,0.31125,6,omega_2,ZV-OLS-2,0.0796099556254802,0.0016375090512777,9,181.1381609971949
eurusd,0.31125,6,omega_2,ZV-OLS-5,0.0909060067254511,0.000131139024649,55,8983027.729793686
eurusd,0.31125,6,omega_2,ZV-Lasso-5,0.0871311645163478,0.0002764258835399,24,19336.80384725213
eurusd,0.31125,6,omega_3,MC,0.4134768823407965,0.0633730033906706,0,
eurusd,0.31125,6,omega_3,ZV-OLS-1,0.4497104735891014,0.0575989915992325,3,11.48233812880992
eurusd,0.31125,6,omega_3,ZV-OLS-2,0.480313842866942,0.0188737026718267,9,181.1381609971949
eurusd,0.31125,6,omega_3,ZV-OLS-5,0.5227065314744971,0.0022696208407025,55,8983027.729793686
eurusd,0.31125,6,omega_3,ZV-Lasso-5,0.4971875117973809,0.0035804905599943,36,1883666.741715127
eurusd,0.3135,7,omega_1,MC,0.1008737756352848,0.0074630487610865,0,
eurusd,0.3135,7,omega_1,ZV-OLS-1,0.0990081921768371,0.0072561447858059,3,10.63327515095134
eurusd,0.3135,7,omega_1,ZV-OLS-2,0.0781409149761332,0.0029901337550357,9,160.02499835130354
eurusd,0.3135,7,omega_1,ZV-OLS-5,0.0700382130119921,0.0001357106849856,55,16107432.404221646
eurusd,0.3135,7,omega_1,ZV-Lasso-5,0.0799002628088115,0.0002008513071473,34,115124.70803282576
eurusd,0.3135,7,omega_2,MC,0.0879540323225888,0.0057655001033803,0,
eurusd,0.3135,7,omega_2,ZV-OLS-1,0.0959803606713584,0.0021997568858216,3,10.63327515095134
eurusd,0.3135,7,omega_2,ZV-OLS-2,0.0910872005994084,0.0011858934887637,9,160.02499835130354
eurusd,0.3135,7,omega_2,ZV-OLS-5,0.0922076358698838,3.6111276993453226e-05,55,16107432.404221646
eurusd,0.3135,7,omega_2,ZV-Lasso-5,0.093110692414598,0.0001010322621669,28,54123.03468155426
eurusd,0.3135,7,omega_3,MC,0.3825472991301042,0.0377641503357419,0,
eurusd,0.3135,7,omega_3,ZV-OLS-1,0.385375120415944,0.0372449057845645,3,10.63327515095134
eurusd,0.3135,7,omega_3,ZV-OLS-2,0.5014261902411148,0.0147953885349145,9,160.02499835130354
eurusd,0.3135,7,omega_3,ZV-OLS-5,0.5423424276466506,0.0006734227473387,55,16107432.404221646
eurusd,0.3135,7,omega_3,ZV-Lasso-5,0.4988907866103001,0.0008515907232187,40,688782.6569769951
eurusd,0.333,8,omega_1,MC,0.066250116170887,0.0068619688720113,0,
eurusd,0.333,8,omega_1,ZV-OLS-1,0.0699125516530799,0.0058555552010898,3,9.060716495917749
eurusd,0.333,8,omega_1,ZV-OLS-2,0.0740307147921833,0.0030998522433086,9,140.72390191538923
eurusd,0.333,8,omega_1,ZV-OLS-5,0.0692605820041913,0.0001108025896282,55,25588461.56537862
eurusd,0.333,8,omega_1,ZV-Lasso-5,0.0695207474092265,0.0001252959679295,41,324228.4600447724
eurusd,0.333,8,omega_2,MC,0.0977974725413148,0.005662378803463,0,
eurusd,0.333,8,omega_2,ZV-OLS-1,0.0882744161320157,0.0033856021804497,3,9.060716495917749
eurusd,0.333,8,omega_2,ZV-OLS-2,0.0900150158415529,0.0006111267113824,9,140.72390191538923
eurusd,0.333,8,omega_2,ZV-OLS-5,0.092016333930365,5.940753159760158e-05,55,25588461.56537862
eurusd,0.333,8,omega_2,ZV-Lasso-5,0.0888158562095557,0.0001188718709362,29,712025.1398146959
eurusd,0.333,8,omega_3,MC,0.559909864424086,0.0373689229571369,0,
eurusd,0.333,8,omega_3,ZV-OLS-1,0.546607000267761,0.0330466218799177,3,9.060716495917749
eurusd,0.333,8,omega_3,ZV-OLS-2,0.5234808610047366,0.0159948038843174,9,140.72390191538923
eurusd,0.333,8,omega_3,ZV-OLS-5,0.5468298557303295,0.0005285190075439,55,25588461.56537862
eurusd,0.333,8,omega_3,ZV-Lasso-5,0.5579293796009372,0.0006974177640163,35,219179.478529392
eurusd,0.3285,9,omega_1,MC,0.0722235139339794,0.0058577584712789,0,
eurusd,0.3285,9,omega_1,ZV-OLS-1,0.0718103810718399,0.0049112898433157,3,9.50611199315463
eurusd,0.3285,9,omega_1,ZV-OLS-2,0.0715939828460261,0.0020213565684771,9,130.0437149831624
eurusd,0.3285,9,omega_1,ZV-OLS-5,0.0748430700532306,5.739469442486248e-05,55,62711078.35348145
eurusd,0.3285,9,omega_1,ZV-Lasso-5,0.0706892547582079,6.813756611286458e-05,37,114203.21643859324
eurusd,0.3285,9,omega_2,MC,0.0960801602609537,0.0058755865423705,0,
eurusd,0.3285,9,omega_2,ZV-OLS-1,0.092023099463653,0.0036218273364817,3,9.50611199315463
eurusd,0.3285,9,omega_2,ZV-OLS-2,0.0909465743085676,0.0003196052698386,9,130.0437149831624
eurusd,0.3285,9,omega_2,ZV-OLS-5,0.0879125821117563,4.157757836038287e-05,55,62711078.35348145
eurusd,0.3285,9,omega_2,ZV-Lasso-5,0.0888535005310229,0.0001092115075795,29,32579.91227471796
eurusd,0.3285,9,omega_3,MC,0.5277087314839689,0.0325215845561975,0,
eurusd,0.3285,9,omega_3,ZV-OLS-1,0.5329055895747993,0.0289574175266195,3,9.50611199315463
eurusd,0.3285,9,omega_3,ZV-OLS-2,0.5353302492779303,0.0105348143048916,9,130.0437149831624
eurusd,0.3285,9,omega_3,ZV-OLS-5,0.5213534394740938,0.000263125147479,55,62711078.35348145
eurusd,0.3285,9,omega_3,ZV-Lasso-5,0.5368748931561556,0.0003375475897551,35,113993.16414945704
eurusd,0.31575,10,omega_1,MC,0.0864995161078508,0.0088486272229555,0,
eurusd,0.31575,10,omega_1,ZV-OLS-1,0.0876633389491527,0.0082613913122234,3,8.786744683141372
eurusd,0.31575,10,omega_1,ZV-OLS-2,0.0816143224722343,0.0037614146207665,9,140.9547289182152
eurusd,0.31575,10,omega_1,ZV-OLS-5,0.0703677602705123,0.0001722705461674,55,22346332.70115881
eurusd,0.31575,10,omega_1,ZV-Lasso-5,0.0712269042010675,0.0001875884345779,38,288027.4296981948
eurusd,0.31575,10,omega_2,MC,0.0884851712100749,0.0061724463419517,0,
eurusd,0.31575,10,omega_2,ZV-OLS-1,0.0923155654088798,0.002670739270111,3,8.786744683141372
eurusd,0.31575,10,omega_2,ZV-OLS-2,0.0885529373133964,0.0009414560460467,9,140.9547289182152
eurusd,0.31575,10,omega_2,ZV-OLS-5,0.0913724338132537,6.586035652867371e-05,55,22346332.70115881
eurusd,0.31575,10,omega_2,ZV-Lasso-5,0.0894844374172258,0.000121946422607,28,37169.96105299375
eurusd,0.31575,10,omega_3,MC,0.4595146489943571,0.048603960860144,0,
eurusd,0.31575,10,omega_3,ZV-OLS-1,0.45117402397482,0.0445001670867859,3,8.786744683141372
eurusd,0.31575,10,omega_3,ZV-OLS-2,0.4857461099490709,0.0187703379167604,9,140.9547289182152
eurusd,0.31575,10,omega_3,ZV-OLS-5,0.5411878098998686,0.0008524651779281,55,22346332.70115881
eurusd,0.31575,10,omega_3,ZV-Lasso-5,0.5403935256400813,0.000926620200361,36,65093.31901316752
