dataset,parameter,method,mean_estimate,numerical_sd,mean_batch_se,mean_selected,median_condition,mean_acceptance,mc_sd,variance_reduction,reference,rmse_to_reference
eurusd,omega_1,MC,0.08195658670101921,0.007719708805998522,0.005661441623589771,0.0,,0.3625125,0.007719708805998522,1.0,0.08195658670101921,0.007323558810064274
eurusd,omega_1,ZV-Lasso-5,0.07476128186141003,0.0019431619462885372,0.00023332726932090265,41.2,262188.10222853936,0.3625125,0.007719708805998522,15.782792381868356,0.08195658670101921,0.007427698314380906
eurusd,omega_1,ZV-OLS-1,0.08198616008579909,0.007715717847537981,0.00540607034768473,3.0,8.518630146735124,0.3625125,0.007719708805998522,1.001034768430348,0.08195658670101921,0.007319832395459739
eurusd,omega_1,ZV-OLS-2,0.08027251607641454,0.004199220276826152,0.00284751611409252,9.0,130.4910761790731,0.3625125,0.007719708805998522,3.379593947594451,0.08195658670101921,0.004325066439794126
eurusd,omega_1,ZV-OLS-5,0.07466540221182144,0.0021476901613356734,0.00017330767085539154,55.0,13979160.638025869,0.3625125,0.007719708805998522,12.919883040001256,0.08195658670101921,0.0075705143142131654
eurusd,omega_2,MC,0.088909114550996,0.0032572065787518033,0.00309873900868531,0.0,,0.3625125,0.0032572065787518033,1.0,0.088909114550996,0.0030900574795620916
eurusd,omega_2,ZV-Lasso-5,0.08866715167905218,0.0007615570873903362,0.00015234381655706,30.0,27677.25607541052,0.3625125,0.0032572065787518033,18.29303132831729,0.088909114550996,0.0007619175211388108
eurusd,omega_2,ZV-OLS-1,0.08835714642493771,0.0017333156676524652,0.0014369300152867102,3.0,8.518630146735124,0.3625125,0.0032572065787518033,3.5313054218563007,0.088909114550996,0.0017345355849739308
eurusd,omega_2,ZV-OLS-2,0.08826393529815212,0.0009512485658875466,0.00072853963409504,9.0,130.4910761790731,0.3625125,0.0032572065787518033,11.72472260420677,0.088909114550996,0.0011093433728981254
eurusd,omega_2,ZV-OLS-5,0.08989512851389704,0.0012578941044805293,6.859853593057623e-05,55.0,13979160.638025869,0.3625125,0.0032572065787518033,6.705056522611665,0.088909114550996,0.0015479959157937092
eurusd,omega_3,MC,0.48315267665617245,0.04204845428688968,0.030128730210539162,0.0,,0.3625125,0.04204845428688968,1.0,0.48315267665617245,0.03989066629081276
eurusd,omega_3,ZV-Lasso-5,0.519015504641956,0.012792611257987531,0.00116826082379825,40.6,225560.3983332913,0.3625125,0.04204845428688968,10.803927614741971,0.48315267665617245,0.03786064240944801
eurusd,omega_3,ZV-OLS-1,0.4838047108129224,0.04087617612639077,0.028716706428281318,3.0,8.518630146735124,0.3625125,0.04204845428688968,1.0581799970960921,0.48315267665617245,0.03878402694132875
eurusd,omega_3,ZV-OLS-2,0.4927919405618656,0.021169320738510803,0.014400391341974999,9.0,130.4910761790731,0.3625125,0.04204845428688968,3.9453562580353427,0.48315267665617245,0.022276479414857008
eurusd,omega_3,ZV-OLS-5,0.5205026047261975,0.010410984821666719,0.00085372488747186,55.0,13979160.638025869,0.3625125,0.04204845428688968,16.312346751012186,0.48315267665617245,0.038633753005595024
simulated,omega_1,MC,0.10829370192484458,0.0026450741928961013,0.00225080876026506,0.0,,0.2324875,0.0026450741928961013,1.0,0.04,0.06833978708144219
simulated,omega_1,ZV-Lasso-5,0.10805163837415413,0.00012134149952293039,6.388599438253053e-05,27.0,35103.20960204413,0.2324875,0.0026450741928961013,475.1787396995298,0.04,0.06805173573679221
simulated,omega_1,ZV-OLS-1,0.10805799279851198,0.000862256672690946,0.00064921634399279,3.0,8.197737175997087,0.2324875,0.0026450741928961013,9.41028092772207,0.04,0.06806290856020589
simulated,omega_1,ZV-OLS-2,0.1082396665803034,0.0003892966721269619,0.00030987451275295,9.0,107.00386769522993,0.2324875,0.0026450741928961013,46.16515883576498,0.04,0.06824066596758865
simulated,omega_1,ZV-OLS-5,0.10808749793491786,4.053576646956446e-05,8.692653627935502e-06,55.0,578486.6443884199,0.2324875,0.0026450741928961013,4257.934123477412,0.04,0.06808750879471924
simulated,omega_2,MC,0.15949032762836818,0.0022726631275950013,0.0018260032452728,0.0,,0.2324875,0.0022726631275950013,1.0,0.08,0.07951956164609868
simulated,omega_2,ZV-Lasso-5,0.15945774216874198,4.544018209859584e-05,3.152779569575802e-05,19.2,5682.676115540732,0.2324875,0.0022726631275950013,2501.4395118346533,0.08,0.07945775386256153
simulated,omega_2,ZV-OLS-1,0.15952173456130803,0.00072088450800506,0.00066525991341543,3.0,8.197737175997087,0.2324875,0.0022726631275950013,9.93890974276657,0.08,0.07952467525658702
simulated,omega_2,ZV-OLS-2,0.15943066488403826,0.0001841633801457558,0.00019528823170467,9.0,107.00386769522993,0.2324875,0.0022726631275950013,152.28726144274657,0.08,0.0794308570295947
simulated,omega_2,ZV-OLS-5,0.15948640102712058,1.8127533883082492e-05,3.2973037427885123e-06,55.0,578486.6443884199,0.2324875,0.0022726631275950013,15717.833379612119,0.08,0.07948640288748114
simulated,omega_3,MC,0.7349908462400783,0.0039024374044546793,0.00291390041996137,0.0,,0.2324875,0.0039024374044546793,1.0,0.88,0.14505640554658297
simulated,omega_3,ZV-Lasso-5,0.734996772021832,0.00013473836777017325,9.636780474684007e-05,22.1,19462.878230683797,0.2324875,0.0039024374044546793,838.8596933998687,0.88,0.14500328431823034
simulated,omega_3,ZV-OLS-1,0.7349867216932321,0.000684911451600249,0.00057241545665938,3.0,8.197737175997087,0.2324875,0.0039024374044546793,32.46407523162729,0.88,0.14501473400521414
simulated,omega_3,ZV-OLS-2,0.7347535603769682,0.00037009877977348956,0.00028260284944863,9.0,107.00386769522993,0.2324875,0.0039024374044546793,111.18253832889006,0.88,0.14524686399011558
simulated,omega_3,ZV-OLS-5,0.7348881288992091,3.81547708143188e-05,8.998375548735794e-06,55.0,578486.6443884199,0.2324875,0.0039024374044546793,10461.023865935987,0.88,0.14511187561526606
